hole,tee,cardMetres,latitude,longitude,eastingEpsg3006,northingEpsg3006,coordinateBasis,reviewStatus,sourceCapturedAt,sourceKey,platformId,sourcePadId,platformBoundaryReviewed,insideAnyMappedPlatform,legacyX,legacyZ,sourcePixelAgreementMetres,serializedPositionErrorMetres,bootNormalizationErrorMetres,legacyToRuntimeBridgeResidualMetres,publishedRoutingStartErrorMetres,decorativeMarkerCount,decorativeMarkerMinimumEdgeClearanceMetres
1,tee-61,320,63.3014596895,18.9397277225,697403.84,7025244.32,reviewed-orthophoto-pixel,reviewed-platform,2022-07-03T07:37:35Z,tee-2022-hole-01,h01-tee-pad-00-lm2022-followup,h01-tee-pad-00-lm2022-followup,true,true,-78.64466227205436,-251.54863030562723,0,0,0,0.006315,0.001,2,0.656325
1,tee-57,305,63.3015340737,18.9396899512,697401.44,7025252.48,reviewed-orthophoto-pixel,reviewed-platform,2022-07-03T07:37:35Z,tee-2022-hole-01,h01-tee-pad-00-lm2022-followup,h01-tee-pad-00-lm2022-followup,true,true,-80.53396627989221,-259.8290820619681,0,0,0,0.006661,,2,0.199891
1,tee-48,270,63.3018177686,18.9394155126,697385.76,7025283.2,reviewed-orthophoto-pixel,reviewed-platform,2022-07-03T07:37:35Z,tee-2022-hole-01,h01-tee-pad-00-lm2022-followup,h01-tee-pad-00-lm2022-followup,true,true,-94.26126917162253,-291.4100048869898,0,0,0,0.008692,,2,0.199651
1,tee-41,235,63.3021564528,18.9391805511,697371.68,7025320.16,reviewed-orthophoto-pixel,visible-interior-anchor,2022-07-03T07:37:35Z,tee-2022-hole-01,,,false,false,-106.01394495751873,-329.1123282215261,0,0,0,0.010977,,0,
2,tee-61,326,63.3042201705,18.9388106717,697339.04,7025548.64,reviewed-orthophoto-pixel,reviewed-platform,2024-06-27T15:08:07Z,hole-02-tees,h02-tee-pad-00-lm2024,h02-tee-pad-00-lm2024,true,true,-124.51515523891355,-558.8453812682073,0,0,0,0.021273,0.001,2,0.199987
2,tee-57,310,63.3042754501,18.9386310438,697329.671,7025554.238,reviewed-orthophoto-pixel,reviewed-platform,2024-06-27T15:08:07Z,hole-02-tees,h02-tee-pad-00-lm2024,h02-tee-pad-00-lm2024,true,true,-133.5000694501196,-564.9991041323656,0,0,0,0.023117,,2,0.19994
2,tee-48,280,63.304327553,18.938043276,697299.894,7025558.225,reviewed-orthophoto-pixel,reviewed-platform,2024-06-27T15:08:07Z,hole-02-tees,h02-tee-pad-00-lm2024,h02-tee-pad-00-lm2024,true,true,-162.89996431032534,-570.7991995282637,0,0,0,0.028741,,2,0.900792
2,tee-41,225,63.3044236795,18.9369636981,697245.199,7025565.598,unreviewed-legacy-reference-projected,unreviewed-outside-mapped-platforms,,,,,false,false,-216.9,-581.5,,0,0,0.039502,,0,
3,tee-61,137,63.304541311,18.9322408735,697008,7025564.16,reviewed-orthophoto-pixel,reviewed-platform,2022-07-03T07:37:35Z,tee-2022-hole-03,h03-tee-pad-01-lm2022-followup,h03-tee-pad-01-lm2022-followup,true,true,-453.13370271242445,-594.5947455540213,0,0,0,0.089695,0.001,2,0.840044
3,tee-57,135,63.3045125461,18.9321889983,697005.6,7025560.8,reviewed-orthophoto-pixel,reviewed-platform,2022-07-03T07:37:35Z,tee-2022-hole-03,h03-tee-pad-01-lm2022-followup,h03-tee-pad-01-lm2022-followup,true,true,-455.72847988816653,-591.3926281273777,0,0,0,0.089864,,2,4.850266
3,tee-48,120,63.3043631785,18.9321302496,697003.68,7025544,reviewed-orthophoto-pixel,reviewed-platform,2022-07-03T07:37:35Z,tee-2022-hole-03,h03-tee-pad-00-lm2022-followup,h03-tee-pad-00-lm2022-followup,true,true,-458.6670660887756,-574.7650361613972,0,0,0,0.08836,,2,2.386043
3,tee-41,120,63.3043631785,18.9321302496,697003.68,7025544,reviewed-orthophoto-pixel,reviewed-platform,2022-07-03T07:37:35Z,tee-2022-hole-03,h03-tee-pad-00-lm2022-followup,h03-tee-pad-00-lm2022-followup,true,true,-458.6670660887756,-574.7650361613972,0,0,0,0.08836,,2,2.386043
4,tee-61,465,63.3040630346,18.9324281084,697020.64,7025511.52,reviewed-orthophoto-pixel,reviewed-platform,2024-06-27T15:08:07Z,hole-04-tees,h04-tee-pad-01-lm2024,h04-tee-pad-01-lm2024,true,true,-443.7682904755993,-541.3530078982075,0,0,0,0.080884,0.001,2,0.161214
4,tee-57,445,63.304091297,18.9325554226,697026.82,7025515.056,reviewed-orthophoto-pixel,reviewed-platform,2024-06-27T15:08:07Z,hole-04-tees,h04-tee-pad-01-lm2024,h04-tee-pad-01-lm2024,true,true,-437.4000894320045,-544.4991779649297,0,0,0,0.079939,,2,0.512876
4,tee-48,380,63.3040209073,18.9340046302,697099.84,7025511.68,reviewed-orthophoto-pixel,visible-interior-anchor,2024-06-27T15:08:07Z,hole-04-tees,,,false,true,-364.9113329001532,-536.663401504598,0,0,0,0.064322,,2,0.199937
4,tee-41,315,63.3036430471,18.9349544849,697149.968,7025472.559,unreviewed-legacy-reference-projected,unreviewed-outside-mapped-platforms,,,,,false,false,-317.4,-494.6,,0,0,0.051282,,0,
5,tee-61,175,63.3017529922,18.942977344,697564.502,7025286.967,reviewed-orthophoto-pixel,reviewed-platform,2024-06-27T15:08:07Z;2024-06-27T15:18:53Z,hole-05-tees,h05-tee-pad-01-lm2024,h05-tee-pad-01-lm2024,true,true,83.90004041775606,-284.1990971097343,0,0,0,0.007895,0.001114,2,0.212994
5,tee-57,160,63.3017635056,18.9431924864,697575.2,7025288.8,reviewed-orthophoto-pixel,reviewed-platform,2024-06-27T15:08:07Z;2024-06-27T15:18:53Z,hole-05-tees,h05-tee-pad-01-lm2024,h05-tee-pad-01-lm2024,true,true,94.66137508709912,-285.3694486023039,0,0,0,0.008931,,2,2.057797
5,tee-48,130,63.301810129,18.9437933779,697604.96,7025295.84,reviewed-orthophoto-pixel,reviewed-platform,2024-06-27T15:08:07Z;2024-06-27T15:18:53Z,hole-05-tees,h05-tee-pad-00-lm2024,h05-tee-pad-00-lm2024,true,true,124.71771340237564,-290.5595585339961,0,0,0,0.011992,,2,0.368956
5,tee-41,130,63.301810129,18.9437933779,697604.96,7025295.84,reviewed-orthophoto-pixel,reviewed-platform,2024-06-27T15:08:07Z;2024-06-27T15:18:53Z,hole-05-tees,h05-tee-pad-00-lm2024,h05-tee-pad-00-lm2024,true,true,124.71771340237564,-290.5595585339961,0,0,0,0.011992,,2,0.368956
6,tee-61,350,63.3027558751,18.9454187678,697679.84,7025406.08,reviewed-orthophoto-pixel,reviewed-platform,2024-06-27T15:18:53Z,hole-06-tees,h06-tee-pad-00-lm2024,h06-tee-pad-00-lm2024,true,true,206.01903754269074,-395.8400208309911,0,0,0,0.026942,0.001,2,0.193862
6,tee-57,320,63.3027267626,18.9457742472,697697.834,7025403.937,reviewed-orthophoto-pixel,reviewed-platform,2024-06-27T15:18:53Z,hole-06-tees,h06-tee-pad-00-lm2024,h06-tee-pad-00-lm2024,true,true,223.79996606340808,-392.59921277397524,0,0,0,0.029171,,2,0.190582
6,tee-48,285,63.3025406434,18.9463354169,697727.2,7025384.96,reviewed-orthophoto-pixel,reviewed-platform,2024-06-27T15:18:53Z,hole-06-tees,h06-tee-pad-00-lm2024,h06-tee-pad-00-lm2024,true,true,251.86943719276118,-371.88042371686464,0,0,0,0.031522,,2,0.915663
6,tee-41,245,63.3022461732,18.9468258361,697753.768,7025353.709,unreviewed-legacy-reference-projected,unreviewed-outside-mapped-platforms,,,,,false,false,276.4,-339.1,,0,0,0.03224,,0,
7,tee-61,360,63.3006858062,18.9510641762,697976.64,7025193.181,reviewed-orthophoto-pixel,reviewed-platform,2022-06-24T11:30:54Z;2022-06-24T11:31:13Z,tee-2022-hole-07,h07-tee-pad-00-lm2022-followup,h07-tee-pad-00-lm2022-followup,true,true,488.399994870559,-165.39994372028787,0,0,0,0.045811,0.00112,2,0.19983
7,tee-57,355,63.300672189,18.9510687011,697976.96,7025191.68,reviewed-orthophoto-pixel,reviewed-platform,2022-06-24T11:30:54Z;2022-06-24T11:31:13Z,tee-2022-hole-07,h07-tee-pad-00-lm2022-followup,h07-tee-pad-00-lm2022-followup,true,true,488.626325006281,-163.884080658284,0,0,0,0.045718,,2,0.19983
7,tee-48,295,63.300100822,18.9508784784,697971.36,7025127.52,reviewed-orthophoto-pixel,reviewed-platform,2024-06-27T15:19:09Z;2024-06-27T15:18:53Z,hole-07-tees,h07-tee-pad-01-lm2024,h07-tee-pad-01-lm2024,true,true,479.11146718975533,-100.27950120991676,0,0,0,0.039729,,2,2.022829
7,tee-41,195,63.2992790514,18.9500265827,697934.354,7025033.456,unreviewed-legacy-reference-projected,unreviewed-outside-mapped-platforms,,,,,false,false,436.5,-8.8,,0,0,0.030691,,0,
8,tee-61,346,63.2978907357,18.9472453309,697804.64,7024870.4,reviewed-orthophoto-pixel,reviewed-platform,2022-06-24T11:30:54Z;2022-06-24T11:31:13Z,tee-2022-hole-08,h08-tee-pad-01-lm2022-followup,h08-tee-pad-01-lm2022-followup,true,true,297.38295213995,145.74729855524737,0,0,0,0.01996,0.001,2,0.198899
8,tee-57,340,63.2979040018,18.9472854986,697806.56,7024872,reviewed-orthophoto-pixel,reviewed-platform,2022-06-24T11:30:54Z;2022-06-24T11:31:13Z,tee-2022-hole-08,h08-tee-pad-01-lm2022-followup,h08-tee-pad-01-lm2022-followup,true,true,299.3921268667107,144.27051975449046,0,0,0,0.020068,,2,0.978036
8,tee-48,275,63.2984169623,18.9476114479,697819.36,7024930.08,reviewed-orthophoto-pixel,reviewed-platform,2024-06-27T15:19:09Z;2024-06-27T15:18:53Z,hole-08-tees,h08-tee-pad-00-lm2024,h08-tee-pad-00-lm2024,true,true,315.6959710894573,87.16776157271369,0,0,0,0.01856,,2,0.972082
8,tee-41,210,63.2989071506,18.9483912231,697855.035,7024987.027,unreviewed-legacy-reference-projected,unreviewed-outside-mapped-platforms,,,,,false,false,354.7,32.6,,0,0,0.020857,,0,
9,tee-61,488,63.3009130786,18.9498106662,697912.33,7025214.597,reviewed-orthophoto-pixel,reviewed-platform,2024-06-27T15:18:53Z,hole-09-tees,h09-tee-pad-02-lm2024,h09-tee-pad-02-lm2024,true,true,425.6999511309175,-190.69990741841337,0,0,0,0.038754,0.00099,2,0.199174
9,tee-57,465,63.3009517059,18.9493588437,697889.447,7025217.5,reviewed-orthophoto-pixel,reviewed-platform,2024-06-27T15:18:53Z,hole-09-tees,h09-tee-pad-01-lm2024,h09-tee-pad-01-lm2024,true,true,403.0999792442732,-194.99990100772578,0,0,0,0.036042,,2,0.939375
9,tee-48,405,63.30099237,18.9481848824,697830.4,7025218.4,reviewed-orthophoto-pixel,reviewed-platform,2024-06-27T15:18:53Z,hole-09-tees,h09-tee-pad-00-lm2024,h09-tee-pad-00-lm2024,true,true,344.37892670858974,-199.52662383651102,0,0,0,0.029024,,2,2.405355
9,tee-41,325,63.301186166,18.9466099206,697750.229,7025235.102,unreviewed-legacy-reference-projected,unreviewed-outside-mapped-platforms,,,,,false,false,265.6,-221.1,,0,0,0.021976,,0,
10,tee-61,428,63.3007970843,18.939768153,697410.4,7025170.72,reviewed-orthophoto-pixel,reviewed-platform,2024-06-27T15:08:07Z;2024-06-27T15:18:53Z,hole-10-tees,h10-tee-pad-01-lm2024,h10-tee-pad-01-lm2024,true,true,-76.6223429703895,-177.78741890944247,0,0,0,0.004555,0.001,2,0.634936
10,tee-57,365,63.3008246706,18.9405896789,697451.337,7025176.32,reviewed-orthophoto-pixel,reviewed-platform,2024-06-27T15:08:07Z;2024-06-27T15:18:53Z,hole-10-tees,h10-tee-pad-00-lm2024,h10-tee-pad-00-lm2024,true,true,-35.529962076269854,-180.85833447079892,0,0,0,0.002212,,2,0.324154
10,tee-48,330,63.3007981899,18.9412863315,697486.392,7025175.52,reviewed-orthophoto-pixel,reviewed-platform,2024-06-27T15:08:07Z;2024-06-27T15:18:53Z,hole-10-tees,h10-tee-pad-02-lm2024,h10-tee-pad-02-lm2024,true,true,-0.6836935312382041,-177.91049698828914,0,0,0,0.00087,,2,0.198974
10,tee-41,265,63.3007630614,18.9425834974,697551.569,7025175.609,unreviewed-legacy-reference-projected,unreviewed-outside-mapped-platforms,,,,,false,false,64.2,-174,,0,0,0.003866,,0,
11,tee-61,380,63.299970751,18.9468818142,697772.176,7025100.709,unreviewed-legacy-reference-projected,unreviewed-outside-mapped-platforms,,,,,false,false,279.2,-85.8,,0,0,0.015057,0.001139,0,
11,tee-57,305,63.2993033057,18.9466758942,697766.444,7025025.811,reviewed-orthophoto-pixel,reviewed-platform,2024-06-27T15:19:09Z;2024-06-27T15:18:53Z,hole-11-tees,h11-tee-pad-00-lm2024,h11-tee-pad-00-lm2024,true,true,268.89997240477044,-11.49999450119509,0,0,0,0.012207,,2,0.194711
11,tee-48,265,63.2988061325,18.9468529945,697778.72,7024971.04,reviewed-orthophoto-pixel,reviewed-platform,2024-06-27T15:19:09Z;2024-06-27T15:18:53Z,hole-11-tees,h11-tee-pad-01-lm2024,h11-tee-pad-01-lm2024,true,true,277.7584551273004,43.84533205466653,0,0,0,0.013477,,2,0.331161
11,tee-41,265,63.2988061325,18.9468529945,697778.72,7024971.04,reviewed-orthophoto-pixel,reviewed-platform,2024-06-27T15:19:09Z;2024-06-27T15:18:53Z,hole-11-tees,h11-tee-pad-01-lm2024,h11-tee-pad-01-lm2024,true,true,277.7584551273004,43.84533205466653,0,0,0,0.013477,,2,0.331161
12,tee-61,122,63.2957200296,18.9451456497,697714.4,7024622.4,reviewed-orthophoto-pixel,reviewed-platform,2024-06-27T15:19:09Z,hole-12-tees,h12-tee-pad-01-lm2024,h12-tee-pad-01-lm2024,true,true,192.35778385628365,387.3903049929501,0,0,0,0.023892,0.001,2,1.770056
12,tee-57,110,63.2957629662,18.9450492683,697709.28,7024626.88,reviewed-orthophoto-pixel,reviewed-platform,2024-06-27T15:19:09Z,hole-12-tees,h12-tee-pad-01-lm2024,h12-tee-pad-01-lm2024,true,true,187.53682389344874,382.61060612131473,0,0,0,0.02299,,2,2.342038
12,tee-48,95,63.2959014444,18.9449819447,697704.96,7024642.08,reviewed-orthophoto-pixel,visible-interior-anchor,2024-06-27T15:19:09Z,hole-12-tees,,,false,true,184.1693293120745,367.19521136674956,0,0,0,0.021723,,2,2.131799
12,tee-41,60,63.2962662705,18.9456198967,697734.4,7024684.64,reviewed-orthophoto-pixel,reviewed-platform,2024-06-27T15:19:09Z,hole-12-tees,h12-tee-pad-02-lm2024,h12-tee-pad-02-lm2024,true,true,216.0794193677927,326.5827675682948,0,0,0,0.023295,,2,0.172647
13,tee-61,470,63.2973677263,18.9443773562,697664.64,7024803.36,reviewed-orthophoto-pixel,visible-interior-anchor,2024-06-27T15:19:09Z;2024-06-27T15:18:53Z,hole-13-tees,,,false,true,153.92806484665917,203.96870574613416,0,0,0,0.010744,0.001,2,0.19989
13,tee-57,460,63.2974833449,18.9444602956,697668,7024816.48,reviewed-orthophoto-pixel,visible-interior-anchor,2024-06-27T15:19:09Z;2024-06-27T15:18:53Z,hole-13-tees,,,false,true,158.07666099126052,191.09804042584358,0,0,0,0.01051,,2,0.19989
13,tee-48,385,63.2980342322,18.9451301441,697697.76,7024879.84,reviewed-orthophoto-pixel,reviewed-platform,2024-06-27T15:19:09Z;2024-06-27T15:18:53Z,hole-13-tees,h13-tee-pad-01-lm2024,h13-tee-pad-01-lm2024,true,true,191.58219693176173,129.77327332907436,0,0,0,0.010173,,2,1.103419
13,tee-41,300,63.2988011498,18.9451384968,697692.921,7024965.196,unreviewed-legacy-reference-projected,unreviewed-outside-mapped-platforms,,,,,false,false,192,44.4,,0,0,0.007141,,0,
14,tee-61,466,63.3001791567,18.9415878891,697505.728,7025107.573,reviewed-orthophoto-pixel,visible-interior-anchor,2022-07-03T07:37:52Z;2022-06-24T11:30:54Z;2022-07-03T07:37:35Z;2022-06-24T11:31:13Z,tee-2022-hole-14,,,false,true,14.400090407246761,-108.99972114021296,0,0,0,0.001029,0.0008,2,0.276064
14,tee-57,465,63.3001710785,18.9415778987,697505.283,7025106.643,reviewed-orthophoto-pixel,visible-interior-anchor,2022-07-03T07:37:52Z;2022-06-24T11:30:54Z;2022-07-03T07:37:35Z;2022-06-24T11:31:13Z,tee-2022-hole-14,,,false,true,13.900376824089355,-108.10045823806973,0,0,0,0.001017,,2,1.296746
14,tee-48,405,63.2992894515,18.9403609928,697450.4,7025004.8,reviewed-orthophoto-pixel,visible-interior-anchor,2024-06-27T15:07:43Z;2024-06-27T15:19:09Z;2024-06-27T15:08:07Z;2024-06-27T15:18:53Z,hole-14-tees,,,false,false,-46.96874812158324,-9.957742748925966,0,0,0,0.001211,,0,
14,tee-41,330,63.2991128638,18.9402624063,697446.674,7024984.848,unreviewed-legacy-reference-projected,unreviewed-outside-mapped-platforms,,,,,false,false,-51.9,9.7,,0,0,0.001287,,0,
15,tee-61,180,63.2958955885,18.9385483424,697382.88,7024621.6,reviewed-orthophoto-pixel,visible-interior-anchor,2022-07-03T07:37:52Z,tee-2022-hole-15,,,false,true,-137.63675731857793,367.847083253435,0,0,0,0.016601,0.001,2,2.54903
15,tee-57,165,63.2958304288,18.9384991077,697380.861,7024614.198,reviewed-orthophoto-pixel,visible-interior-anchor,2022-07-03T07:37:52Z,tee-2022-hole-15,,,false,true,-140.09945769885093,375.1006698198796,0,0,0,0.017223,,2,0.937017
15,tee-48,135,63.2954881782,18.9380352785,697359.979,7024574.69,unreviewed-legacy-reference-projected,unreviewed-outside-mapped-platforms,,,,,false,false,-163.3,413.2,,0,0,0.022088,,0,
15,tee-41,135,63.2954881782,18.9380352785,697359.979,7024574.69,unreviewed-legacy-reference-projected,unreviewed-outside-mapped-platforms,,,,,false,false,-163.3,413.2,,0,0,0.022088,,0,
16,tee-61,289,63.2943320517,18.9402524102,697478.905,7024452.883,reviewed-orthophoto-pixel,reviewed-platform,2024-06-27T15:07:43Z;2024-06-27T15:19:09Z,hole-16-tees,h16-tee-pad-00-lm2024,h16-tee-pad-00-lm2024,true,true,-52.39999962234469,541.8999994726045,0,0,0,0.009682,0.000738,2,0.199644
16,tee-57,280,63.2943446281,18.9402604071,697479.219,7024454.307,reviewed-orthophoto-pixel,reviewed-platform,2024-06-27T15:07:43Z;2024-06-27T15:19:09Z,hole-16-tees,h16-tee-pad-00-lm2024,h16-tee-pad-00-lm2024,true,true,-51.999999691697454,540.4999995037821,0,0,0,0.009588,,2,0.199644
16,tee-48,250,63.2939561624,18.9399864322,697468.16,7024410.24,reviewed-orthophoto-pixel,reviewed-platform,2024-06-27T15:07:43Z;2024-06-27T15:19:09Z,hole-16-tees,h16-tee-pad-48-followup-lm2024,h16-tee-pad-48-followup-lm2024,true,true,-65.70411117970991,583.7439992873637,0,0,0,0.012915,,2,1.006662
16,tee-41,210,63.2940544736,18.9390188933,697419.041,7024418.198,unreviewed-legacy-reference-projected,unreviewed-outside-mapped-platforms,,,,,false,false,-114.1,572.8,,0,0,0.021427,,0,
17,tee-61,400,63.2940194991,18.9368667822,697311.52,7024407.68,reviewed-orthophoto-pixel,visible-interior-anchor,2024-06-27T15:07:43Z,hole-17-tees,,,false,true,-221.74769002234703,576.6933604462408,0,0,0,0.041677,0.001,2,0.531721
17,tee-57,385,63.2941170918,18.9368737237,697311.2,7024418.56,reviewed-orthophoto-pixel,visible-interior-anchor,2024-06-27T15:07:43Z,hole-17-tees,,,false,true,-221.40048062913232,565.8293421269741,0,0,0,0.040846,,2,0.198124
17,tee-48,335,63.294631852,18.9367714918,697302.56,7024475.52,reviewed-orthophoto-pixel,visible-interior-anchor,2022-07-03T07:37:52Z,tee-2022-hole-17,,,false,true,-226.51407729374404,508.5262366750652,0,0,0,0.037704,,2,0.199721
17,tee-41,275,63.2951054977,18.9371616206,697318.854,7024529.421,unreviewed-legacy-reference-projected,unreviewed-outside-mapped-platforms,,,,,false,false,-207,455.8,,0,0,0.030939,,0,
18,tee-61,348,63.297726142,18.9369385932,697289.76,7024820.32,reviewed-orthophoto-pixel,reviewed-platform,2024-06-27T15:07:43Z;2024-06-27T15:08:07Z,hole-18-tees,h18-tee-pad-01-lm2024,h18-tee-pad-01-lm2024,true,true,-218.1557350510596,164.0698743377925,0,0,0,0.013982,0.001,2,1.40389
18,tee-57,335,63.2977860554,18.9369596907,697290.406,7024827.051,reviewed-orthophoto-pixel,reviewed-platform,2024-06-27T15:07:43Z;2024-06-27T15:08:07Z,hole-18-tees,h18-tee-pad-01-lm2024,h18-tee-pad-01-lm2024,true,true,-217.10044772467606,157.4003091333887,0,0,0,0.01353,,2,0.199426
18,tee-48,310,63.2978577602,18.9377427528,697329.12,7024837.44,reviewed-orthophoto-pixel,reviewed-platform,2024-06-27T15:07:43Z;2024-06-27T15:08:07Z,hole-18-tees,h18-tee-pad-00-lm2024,h18-tee-pad-00-lm2024,true,true,-177.93201055772928,149.41813582801387,0,0,0,0.010181,,2,0.194216
18,tee-41,210,63.2987247934,18.9383311626,697352.646,7024935.722,unreviewed-legacy-reference-projected,unreviewed-outside-mapped-platforms,,,,,false,false,-148.5,52.9,,0,0,0.004957,,0,
