hole,tee,teeIndex,cardMetres,localX,localZ,longitude,latitude,eastingEPSG3006,northingEPSG3006,previousLocalX,previousLocalZ,changeMetres,association,sourceReviewId,sourcePadId,associatedPadBoundaryProvenance,associatedPadRetainedHistorical,associatedPadBoundaryClearanceMetres,containingPadIds,insideSourceTracedPad,projectionRoundtripMetres,dailyMarkerVerified
1,65,0,334,50.3,-275.6,18.674505093606587,63.286975745598276,684218.3497236426,7022843.098038751,50.3,-275.6,0.0,provisional-platform,lm-2024-h01-tee-inventory,lm-h01-rear-long,reviewed-lm-orthophoto,False,1.4334937507338588,"[""lm-h01-rear-long""]",True,1.7779587579980215e-10,False
1,61,1,325,51,-266.7,18.674519080992763,63.2868957959037,684219.5607954668,7022834.241033381,51,-266.7,0.0,provisional-platform,lm-2024-h01-tee-inventory,lm-h01-rear-long,reviewed-lm-orthophoto,False,0.9148759532494581,"[""lm-h01-rear-long""]",True,0.0,False
1,58,2,312,51.397502885866906,-254.04379637747292,18.674527023887578,63.28678210381223,684220.6844931205,7022821.611636503,51.397502885866906,-254.04379637747292,0.0,provisional-platform,lm-2024-h01-tee-inventory,lm-h01-rear-long,reviewed-lm-orthophoto,False,0.6639182929919613,"[""lm-h01-rear-long""]",True,1.581952346896287e-09,False
1,55,3,302,52.07323789265331,-244.50113953340914,18.674540526411135,63.28669638105941,684221.908138634,7022812.110783843,52.07323789265331,-244.50113953340914,0.0,provisional-platform,lm-2024-h01-tee-inventory,lm-h01-rear-long,reviewed-lm-orthophoto,False,0.1976406727730541,"[""lm-h01-rear-long""]",True,1.581952346896287e-09,False
1,48,4,254,36.86380601051966,-191.33897432061733,18.67423661184365,63.28621881938844,684209.7324502919,7022758.092011875,36.86380601051966,-191.33897432061733,0.0,provisional-platform,lm-2024-h01-tee-inventory,lm-h01-forward,reviewed-lm-orthophoto,False,0.7497447258337675,"[""lm-h01-forward""]",True,8.107124523615548e-10,False
1,40,5,210,60.2,-152,18.674702915211064,63.285865432985986,684235.3477987905,7022720.105425893,60.2,-152,0.0,unresolved,,,,False,,[],False,1.581952346896287e-09,False
2,65,0,506,211.38264345331172,123.22433405349946,18.67772384380672,63.28339306203689,684402.4784527365,7022453.653688563,211.38264345331172,123.22433405349946,0.0,provisional-platform,lm-2024-h02-tee-inventory,lm-h02-rear,reviewed-lm-orthophoto,False,0.47005144428102485,"[""lm-h02-rear""]",True,7.909761734481435e-10,False
2,61,1,484,188.5,118.6,18.677266603277165,63.283434602946464,684379.305631296,7022456.961417766,188.5,118.6,0.0,provisional-platform,lm-2024-h02-tee-inventory,lm-h02-middle,reviewed-lm-orthophoto,False,0.10963775971882013,"[""lm-h02-middle""]",True,1.7779587579980215e-10,False
2,58,2,471,176.7436459403168,119.42576788583227,18.67703168804253,63.283427184981264,684367.583942103,7022455.4602995245,176.7436459403168,119.42576788583227,0.0,provisional-platform,lm-2024-h02-tee-inventory,lm-h02-middle,reviewed-lm-orthophoto,False,0.20064385791555397,"[""lm-h02-middle""]",True,1.581952346896287e-09,False
2,55,3,409,113.6,121.8,18.675769952956426,63.283405856988864,684304.5081161957,7022449.458828841,113.6,121.8,0.0,unresolved,,,,False,,[],False,0.0,False
2,48,4,380,89.6607351215662,127.5691078725314,18.67529159903842,63.283354032448145,684280.8738023206,7022442.3164083455,89.6607351215662,127.5691078725314,0.0,provisional-platform,lm-2024-h02-tee-inventory,lm-h02-forward,reviewed-lm-orthophoto,False,0.4872809631177981,"[""lm-h02-forward""]",True,0.0,False
2,40,5,380,89.6607351215662,127.5691078725314,18.67529159903842,63.283354032448145,684280.8738023206,7022442.3164083455,89.6607351215662,127.5691078725314,0.0,provisional-platform,lm-2024-h02-tee-inventory,lm-h02-forward,reviewed-lm-orthophoto,False,0.4872809631177981,"[""lm-h02-forward""]",True,0.0,False
3,65,0,396,-277.4225571864967,209.70708846507577,18.667956547941337,63.28261617778957,683918.0927655982,7022339.140127952,-277.4225571864967,209.70708846507577,0.0,provisional-platform,lm-2024-h03-tee-inventory,lm-h03-rear-long,reviewed-lm-orthophoto,False,0.6641749156280995,"[""lm-h03-rear-long""]",True,0.0,False
3,61,1,373,-272.8,203.8,18.668048915787743,63.28266924182537,683922.3823333888,7022345.310374436,-272.8,203.8,0.0,provisional-platform,lm-2024-h03-tee-inventory,lm-h03-rear-long,reviewed-lm-orthophoto,False,3.649492444458717,"[""lm-h03-rear-long""]",True,8.107124523615548e-10,False
3,58,2,364,-266.1,197.8,18.66818279505542,63.28272314049587,683928.7463196182,7022351.692605948,-266.1,197.8,0.0,provisional-platform,lm-2024-h03-tee-inventory,lm-h03-rear-long,reviewed-lm-orthophoto,False,3.2626269863538564,"[""lm-h03-rear-long""]",True,7.909761734481435e-10,False
3,55,3,355,-259.3,191.9,18.66831867252112,63.28277614085519,683935.2161160263,7022357.980614586,-259.3,191.9,0.0,provisional-platform,lm-2024-h03-tee-inventory,lm-h03-rear-long,reviewed-lm-orthophoto,False,2.5487445408409823,"[""lm-h03-rear-long""]",True,8.107124523615548e-10,False
3,48,4,275,-199.3,139,18.669517591336135,63.283251347466766,683992.2532637762,7022414.304538907,-199.3,139,0.0,unresolved,,,,False,,[],False,1.7779587579980215e-10,False
3,40,5,225,-161.8,105.9,18.670266915595516,63.283548688465686,684027.8982966398,7022449.545009025,-161.8,105.9,0.0,unresolved,,,,False,,[],False,8.107124523615548e-10,False
4,65,0,177,-90.6,-78.6,18.67168963258933,63.28520607258354,684088.603002477,7022638.07210573,-90.6,-78.6,0.0,provisional-platform,lm-2024-h04-tee-inventory,lm-h04-rear,reviewed-lm-orthophoto,False,0.834658046180636,"[""lm-h04-rear""]",True,7.909761734481435e-10,False
4,61,1,167,-97.7,-71.6,18.671547760529556,63.28514319080129,684081.8968360936,7022630.666906077,-97.7,-71.6,0.0,unresolved,,,,False,,[],False,7.909761734481435e-10,False
4,58,2,150,-108.80587710086692,-59.305294259039684,18.671325843112665,63.28503274608569,684071.4840120189,7022617.738833296,-108.80587710086692,-59.305294259039684,0.0,provisional-platform,lm-2024-h04-tee-inventory,lm-h04-middle-west,reviewed-lm-orthophoto,False,0.6462695600202473,"[""lm-h04-middle-west""]",True,7.909761734481435e-10,False
4,55,3,141,-112.11241059922364,-55.680647712806454,18.671259772025603,63.28500018548071,684068.3817498798,7022613.925611041,-112.11241059922364,-55.680647712806454,0.0,provisional-platform,lm-2024-h04-tee-inventory,lm-h04-middle-west,reviewed-lm-orthophoto,False,0.3243350937404134,"[""lm-h04-middle-west""]",True,7.909761734481435e-10,False
4,48,4,126,-126.8,-42.6,18.670966284904274,63.28488268056055,684054.4284182288,7022600.00640604,-126.8,-42.6,0.0,provisional-platform,lm-2024-h04-tee-inventory,lm-h04-forward,reviewed-lm-orthophoto,False,0.07880596547073346,"[""lm-h04-forward""]",True,1.591912246734125e-09,False
4,40,5,126,-126.8,-42.6,18.670966284904274,63.28488268056055,684054.4284182288,7022600.00640604,-126.8,-42.6,0.0,provisional-platform,lm-2024-h04-tee-inventory,lm-h04-forward,reviewed-lm-orthophoto,False,0.07880596547073346,"[""lm-h04-forward""]",True,1.591912246734125e-09,False
5,65,0,494,-285.9950784505594,157.37403699309127,18.667785251990743,63.283086291439155,683906.5150733002,7022390.96552337,-285.9950784505594,157.37403699309127,0.0,provisional-platform,lm-2024-h05-tee-inventory,lm-2024-h05-rear-deck,reviewed-lm-orthophoto,False,0.3412350736224262,"[""lm-2024-h05-rear-deck""]",True,8.107124523615548e-10,False
5,61,1,470,-286.2390492491054,146.01780648260052,18.667780376971066,63.28318830572689,683905.6207910009,7022402.304244141,-286.2390492491054,146.01780648260052,0.0,provisional-platform,lm-2024-h05-tee-inventory,lm-2024-h05-rear-deck,reviewed-lm-orthophoto,False,0.37301326433401055,"[""lm-2024-h05-rear-deck""]",True,1.581952346896287e-09,False
5,58,2,464,-286.2999862525703,145.12331770412848,18.667779159329065,63.28319634101955,683905.50858563,7022403.194962268,-286.2999862525703,145.12331770412848,0.0,provisional-platform,lm-2024-h05-tee-inventory,lm-2024-h05-rear-deck,reviewed-lm-orthophoto,False,0.33380829569304743,"[""lm-2024-h05-rear-deck""]",True,7.909761734481435e-10,False
5,55,3,433,-288.9,108.4,18.667727205905713,63.28352623068631,683900.8036639692,7022439.757847299,-288.9,108.4,0.0,unresolved,,,,False,,[],False,1.591912246734125e-09,False
5,48,4,399,-300.93470873947985,75.54969744514516,18.667486728593367,63.28382132862518,683886.8756476151,7022471.908150027,-300.93470873947985,75.54969744514516,0.0,provisional-platform,lm-2024-h05-tee-inventory,lm-2024-h05-middle-deck,reviewed-lm-orthophoto,False,0.4331756435039368,"[""lm-2024-h05-middle-deck""]",True,1.581952346896287e-09,False
5,40,5,285,-293.9,-39.5,18.667627296004465,63.28485483291412,683887.3325546223,7022587.325370703,-293.9,-39.5,0.0,unresolved,,,,False,,[],False,1.591912246734125e-09,False
6,65,0,417,-286.99781911111535,-409.65289326599674,18.667765215246668,63.28817995771888,683873.0534058751,7022957.759099186,-275.5330927661278,-404.91968550281484,12.40335462263723,provisional-platform,lm-2024-h06-tee-inventory,osm-w1527513658-retained-shadow,osm,True,0.5235463031407221,"[""osm-w1527513658-retained-shadow""]",False,8.107124523615548e-10,False
6,61,1,389,-287.5978919497161,-412.7499484158172,18.66775322460306,63.28820777891139,683872.2754933223,7022960.820801861,-277.96909586595257,-411.1810750201754,9.755771509944882,provisional-platform,lm-2024-h06-tee-inventory,osm-w1527513658-retained-shadow,osm,True,0.7378178437459344,"[""osm-w1527513658-retained-shadow""]",False,0.0,False
6,58,2,358,-281.46468702500886,-442.62015306239397,18.667875778182736,63.28847610629772,683876.704430693,7022991.0332695,-281.46468702500886,-442.62015306239397,0.0,provisional-platform,lm-2024-h06-tee-inventory,lm-2024-h06-middle-deck,reviewed-lm-orthophoto,False,0.2079510811522858,"[""lm-2024-h06-middle-deck""]",True,1.581952346896287e-09,False
6,55,3,354,-281.46468702500886,-442.62015306239397,18.667875778182736,63.28847610629772,683876.704430693,7022991.0332695,-281.46468702500886,-442.62015306239397,0.0,provisional-platform,lm-2024-h06-tee-inventory,lm-2024-h06-middle-deck,reviewed-lm-orthophoto,False,0.2079510811522858,"[""lm-2024-h06-middle-deck""]",True,1.581952346896287e-09,False
6,48,4,306,-284.89490143367533,-507.30328617147967,18.667807235706167,63.28905716211078,683869.5683384364,7023055.499752893,-284.89490143367533,-507.30328617147967,0.0,provisional-platform,lm-2024-h06-tee-inventory,lm-2024-h06-forward-deck,reviewed-lm-orthophoto,False,0.37935166280843,"[""lm-2024-h06-forward-deck""]",True,0.0,False
6,40,5,249,-327.9,-546,18.666947908675958,63.28940477901545,683824.3101576874,7023091.720017115,-327.9,-546,0.0,unresolved,,,,False,,[],False,1.581952346896287e-09,False
7,65,0,158,-528.9,-753.1,18.662931530645665,63.29126518145886,683611.2929624151,7023287.245648743,-528.9,-753.1,0.0,provisional-platform,lm-2024-h07-tee-associations,lm-2024-h07-rear-platform-historical,dtm,True,3.7400000000000313,"[""lm-2024-h07-rear-platform-historical""]",False,0.0,False
7,61,1,150,-524.8,-760,18.66301345676469,63.29132716492993,683615.0018447088,7023294.378195415,-524.8,-760,0.0,provisional-platform,lm-2024-h07-tee-associations,lm-2024-h07-rear-platform-historical,dtm,True,3.3289588782552957,"[""lm-2024-h07-rear-platform-historical""]",False,8.107124523615548e-10,False
7,58,2,142,-520.6,-766.8,18.66309738108174,63.29138825008983,683618.8165076609,7023301.416500909,-520.6,-766.8,0.0,provisional-platform,lm-2024-h07-tee-associations,lm-2024-h07-rear-platform-historical,dtm,True,2.2022343348457882,"[""lm-2024-h07-rear-platform-historical""]",False,7.909761734481435e-10,False
7,55,3,130,-514.4,-777.1,18.663221269359294,63.29148077614086,683624.4326692171,7023312.068213638,-514.4,-777.1,0.0,provisional-platform,lm-2024-h07-tee-associations,lm-2024-h07-rear-platform-historical,dtm,True,0.06643638388295965,"[""lm-2024-h07-rear-platform-historical""]",False,0.0,False
7,48,4,90,-487.994010202182,-806.2554773213242,18.663748913325918,63.29174268305176,683649.1929162857,7023342.726278862,-493.8,-811.4,7.757295348494645,provisional-platform,lm-2024-h07-tee-associations,lm-2024-h07-forward-platform,reviewed-lm-orthophoto,False,0.7490892291396324,"[""lm-2024-h07-forward-platform""]",True,8.107124523615548e-10,False
7,40,5,90,-487.994010202182,-806.2554773213242,18.663748913325918,63.29174268305176,683649.1929162857,7023342.726278862,-493.8,-811.4,7.757295348494645,provisional-platform,lm-2024-h07-tee-associations,lm-2024-h07-forward-platform,reviewed-lm-orthophoto,False,0.7490892291396324,"[""lm-2024-h07-forward-platform""]",True,8.107124523615548e-10,False
8,65,0,365,-481.26468157733086,-1084.529972962374,18.6638833786376,63.29424245394325,683640.0144491507,7023621.300588815,-474.8,-1089.9,8.404123885398,provisional-platform,lm-2024-h08-tee-associations,lm-2024-h08-tee-2,reviewed-lm-orthophoto,False,0.4968991441572786,"[""lm-2024-h08-tee-2""]",True,7.909761734481435e-10,False
8,61,1,360,-478.98874693785103,-1081.0439190886752,18.663928856318616,63.29421113833173,683642.4913682116,7023617.945890044,-471.8,-1085.9,8.675229354535594,provisional-platform,lm-2024-h08-tee-associations,lm-2024-h08-tee-2,reviewed-lm-orthophoto,False,0.696163254970266,"[""lm-2024-h08-tee-2""]",True,1.591912246734125e-09,False
8,58,2,322,-451.1585123005775,-1053.3222017352502,18.664484959517495,63.29396211104685,683671.9270949047,7023591.825957292,-448.7,-1055.7,3.4202642178548355,provisional-platform,lm-2024-h08-tee-associations,lm-2024-h08-tee-1,reviewed-lm-orthophoto,False,0.42481395920434156,"[""lm-2024-h08-tee-1""]",True,1.581952346896287e-09,False
8,55,3,312,-446.3382121324501,-1046.0372260688796,18.664581278660254,63.293896669296345,683677.1675658985,7023584.819206699,-442.6,-1047.8,4.132989460358515,provisional-platform,lm-2024-h08-tee-associations,lm-2024-h08-tee-1,reviewed-lm-orthophoto,False,0.4462888372522964,"[""lm-2024-h08-tee-1""]",True,7.909761734481435e-10,False
8,48,4,254,-402.69121512431394,-1004.3259854411253,18.665453432092452,63.293521972560555,683723.2325984387,7023545.620152189,-407.4,-1001.7,5.391516905518479,provisional-platform,lm-2024-h08-tee-associations,lm-2024-h08-tee-3,reviewed-lm-orthophoto,False,0.694872665638019,"[""lm-2024-h08-tee-3""]",True,0.0,False
8,40,5,254,-402.69121512431394,-1004.3259854411253,18.665453432092452,63.293521972560555,683723.2325984387,7023545.620152189,-407.4,-1001.7,5.391516905518479,provisional-platform,lm-2024-h08-tee-associations,lm-2024-h08-tee-3,reviewed-lm-orthophoto,False,0.694872665638019,"[""lm-2024-h08-tee-3""]",True,0.0,False
9,65,0,404,-163.08631410961246,-792.8375504820782,18.670241212492382,63.291622148315504,683975.1293169204,7023347.928675201,-157.7,-800.3,9.203289221519718,provisional-platform,lm-2024-h09-tee-associations,lm-2024-h09-tee-2,reviewed-lm-orthophoto,False,0.28131057813261656,"[""lm-2024-h09-tee-2""]",True,8.107124523615548e-10,False
9,61,1,385,-147.61260349129319,-784.1338723245635,18.670550407872355,63.291543962201985,683991.1140648702,7023340.115126649,-144.4,-786.7,4.111670273612703,provisional-platform,lm-2024-h09-tee-associations,lm-2024-h09-tee-2,reviewed-lm-orthophoto,False,0.15220972532409488,"[""lm-2024-h09-tee-2""]",True,7.909761734481435e-10,False
9,58,2,327,-104.30748217429682,-744.320303650085,18.671415729951246,63.29118631246542,684036.7354313228,7023302.7979384605,-104,-745.1,0.8381358395756536,provisional-platform,lm-2024-h09-tee-associations,lm-2024-h09-middle-platform-historical,osm,True,0.6073062940799837,"[""lm-2024-h09-middle-platform-historical""]",False,1.581952346896287e-09,False
9,55,3,318,-99.43954261568079,-738.0033111104593,18.671513001023364,63.29112956621551,684041.9693323232,7023296.762179206,-97.7,-738.6,1.8390340243374725,provisional-platform,lm-2024-h09-tee-associations,lm-2024-h09-middle-platform-historical,osm,True,0.4939631980626416,"[""lm-2024-h09-middle-platform-historical""]",False,8.107124523615548e-10,False
9,48,4,265,-60.8,-700.6,18.672285095600788,63.290793568091985,684082.7842854692,7023261.587481714,-60.8,-700.6,0.0,provisional-platform,lm-2024-h09-tee-associations,lm-2024-h09-tee-1,reviewed-lm-orthophoto,False,1.9121111285503223,"[""lm-2024-h09-tee-1""]",True,7.909761734481435e-10,False
9,40,5,199,-14.8,-653.3,18.6732042666923,63.29036866690622,684131.5341331908,7023216.942152962,-14.8,-653.3,0.0,unresolved,,,,False,,[],False,7.909761734481435e-10,False
10,65,0,530,154.6130784825285,-552.248811100327,18.676589475480665,63.28946091278387,684306.8885323752,7023125.650950277,160.8,-556,7.235289629612777,provisional-platform,lm-2024-h10-tee-associations,lm-2024-h10-tee-3,reviewed-lm-orthophoto,False,0.45511879938196903,"[""lm-2024-h10-tee-3""]",True,1.7779587579980215e-10,False
10,61,1,510,146.28080422491058,-569.7521461041366,18.67642298014101,63.289618147198205,684297.5446527728,7023142.670081745,148.6,-571.8,3.0939254389844693,provisional-platform,lm-2024-h10-tee-associations,lm-2024-h10-tee-4,reviewed-lm-orthophoto,False,0.4913867150608464,"[""lm-2024-h10-tee-4""]",True,0.0,False
10,58,2,487,128.28040572924107,-586.8577322808405,18.676063296533773,63.28977180859038,684278.5472178176,7023158.736250616,134.5,-590,6.968299599739448,provisional-platform,lm-2024-h10-tee-associations,lm-2024-h10-tee-1,reviewed-lm-orthophoto,False,0.541687423985847,"[""lm-2024-h10-tee-1""]",True,7.909761734481435e-10,False
10,55,3,478,124.47965341890111,-593.5864493484746,18.67598734997617,63.28983225340773,684274.3571420216,7023165.244527768,129,-597.1,5.725257321211602,provisional-platform,lm-2024-h10-tee-associations,lm-2024-h10-tee-1,reviewed-lm-orthophoto,False,0.3241897149812766,"[""lm-2024-h10-tee-1""]",True,8.107124523615548e-10,False
10,48,4,417,89.30674337291036,-643.6367110188064,18.67528452558229,63.29028186050143,684236.2829765817,7023213.258889657,91.6,-645.3,2.8329412617720093,provisional-platform,lm-2024-h10-tee-associations,lm-2024-h10-tee-2,reviewed-lm-orthophoto,False,0.5885267815159079,"[""lm-2024-h10-tee-2""]",True,2.3795800335595833e-09,False
10,40,5,354,53,-695.1,18.674559044953263,63.29074416097736,684196.9940682985,7023262.621169225,53,-695.1,0.0,unresolved,,,,False,,[],False,0.0,False
11,65,0,344,-256.4,-982.7,18.668376620263846,63.29332770391664,683870.8700907227,7023532.3823067155,-256.4,-982.7,0.0,provisional-platform,lm-2024-h11-tee-associations,lm-2024-h11-rear-platform-historical,dtm,True,0.7808688094430286,"[""lm-2024-h11-rear-platform-historical""]",False,0.0,False
11,61,1,339,-260.3710295876697,-985.1741175196582,18.668297271229054,63.293349929190796,683866.7544506894,7023534.628056644,-260.1,-986,0.8692174116570863,provisional-platform,lm-2024-h11-tee-associations,lm-2024-h11-rear-platform-historical,dtm,True,0.7275751398001437,"[""lm-2024-h11-rear-platform-historical""]",False,0.0,False
11,58,2,333,-264.8373497667115,-988.2488946511013,18.668208025307443,63.293377550257375,683862.1087683866,7023537.445898526,-264.6,-990,1.7671176686060397,provisional-platform,lm-2024-h11-tee-associations,lm-2024-h11-rear-platform-historical,dtm,True,0.3220968576273423,"[""lm-2024-h11-rear-platform-historical""]",False,0.0,False
11,55,3,297,-285.47204696946204,-1019.6104007358078,18.66779570319547,63.29365927417118,683839.6633999461,7023567.6151222,-291.4,-1013.9,8.23099651899932,provisional-platform,lm-2024-h11-tee-associations,lm-2024-h11-tee-2,reviewed-lm-orthophoto,False,0.7455235310268545,"[""lm-2024-h11-tee-2""]",True,7.909761734481435e-10,False
11,48,4,245,-317.0348908146299,-1064.4004161036075,18.667165015073117,63.29406162788451,683805.5137597625,7023610.582696844,-330.3,-1048.6,20.63046947470984,provisional-platform,lm-2024-h11-tee-associations,lm-2024-h11-forward-platform-historical,osm,True,0.746204384025512,"[""lm-2024-h11-forward-platform-historical""]",False,8.107124523615548e-10,False
11,40,5,208,-357.9,-1073.2,18.66634844926845,63.29414067553,683764.1156743105,7023617.038422094,-357.9,-1073.2,0.0,unresolved,,,,False,,[],False,7.909761734481435e-10,False
12,65,0,174,-506.3,-1046.3,18.66338312339932,63.29389902982393,683617.1471210737,7023581.649301414,-506.3,-1046.3,0.0,provisional-platform,lm-2024-h12-tee-associations,lm-2024-h12-tee-1,reviewed-lm-orthophoto,False,3.2560603837633346,"[""lm-2024-h12-tee-1""]",True,7.909761734481435e-10,False
12,61,1,166,-512.8,-1051,18.66325324052769,63.29394125044916,683610.3736622554,7023585.975826674,-512.8,-1051,0.0,provisional-platform,lm-2024-h12-tee-associations,lm-2024-h12-tee-1,reviewed-lm-orthophoto,False,1.9404449222794187,"[""lm-2024-h12-tee-1""]",True,1.7779587579980215e-10,False
12,58,2,153,-517.4491823682849,-1074.9494775232668,18.66316034065743,63.2941563912821,683604.3518023005,7023609.651873814,-523.3,-1058.6,17.36483464486187,provisional-platform,lm-2024-h12-tee-associations,lm-2024-h12-tee-2,reviewed-lm-orthophoto,False,0.748565759422613,"[""lm-2024-h12-tee-2""]",True,7.909761734481435e-10,False
12,55,3,142,-526.3600027563133,-1077.6379666622734,18.662982284820423,63.29418054228047,683595.2808670695,7023611.829557145,-532.2,-1065.1,13.831347578256764,provisional-platform,lm-2024-h12-tee-associations,lm-2024-h12-tee-2,reviewed-lm-orthophoto,False,0.25267194528195214,"[""lm-2024-h12-tee-2""]",True,1.7779587579980215e-10,False
12,48,4,121,-544.3982866678781,-1086.6512289616337,18.662621844187555,63.29426150942294,683576.7143671967,7023619.807774052,-549.2,-1077.4,10.423132361456716,provisional-platform,lm-2024-h12-tee-associations,lm-2024-h12-tee-3,reviewed-lm-orthophoto,False,0.45087658449016726,"[""lm-2024-h12-tee-3""]",True,0.0,False
12,40,5,121,-544.3982866678781,-1086.6512289616337,18.662621844187555,63.29426150942294,683576.7143671967,7023619.807774052,-549.2,-1077.4,10.423132361456716,provisional-platform,lm-2024-h12-tee-associations,lm-2024-h12-tee-3,reviewed-lm-orthophoto,False,0.45087658449016726,"[""lm-2024-h12-tee-3""]",True,0.0,False
13,65,0,424,-741.7352438717475,-1177.0261304349735,18.65867866100607,63.29507335726226,683374.0750319221,7023698.868805425,-740.3,-1179.7,3.0347163660157443,provisional-platform,lm-2024-h13-tee-associations,lm-2024-h13-rear-deck,reviewed-lm-orthophoto,False,0.6121650650059597,"[""lm-2024-h13-rear-deck""]",True,0.0,False
13,61,1,414,-734.4451302676655,-1171.856761468005,18.65882433191213,63.29502692024315,683381.6653865741,7023694.117729285,-732.7,-1173.2,2.202219200024854,provisional-platform,lm-2024-h13-tee-associations,lm-2024-h13-rear-deck,reviewed-lm-orthophoto,False,0.4415124632161202,"[""lm-2024-h13-rear-deck""]",True,1.581952346896287e-09,False
13,58,2,375,-703.1,-1147.8,18.659450669686077,63.29481081566655,683414.4062471271,7023671.860248512,-703.1,-1147.8,0.0,provisional-platform,lm-2024-h13-tee-associations,lm-2024-h13-middle-deck,reviewed-lm-orthophoto,False,4.362214798816984,"[""lm-2024-h13-middle-deck""]",True,1.581952346896287e-09,False
13,55,3,365,-695.5,-1141.3,18.659602532735978,63.29475242544017,683422.3828342983,7023665.796757628,-695.5,-1141.3,0.0,provisional-platform,lm-2024-h13-tee-associations,lm-2024-h13-middle-deck,reviewed-lm-orthophoto,False,2.9907725882077267,"[""lm-2024-h13-middle-deck""]",True,0.0,False
13,48,4,324,-664.4,-1114.6,18.66022397232176,63.29451257635645,683455.0299678104,7023640.883231696,-664.4,-1114.6,0.0,provisional-platform,lm-2024-h13-tee-associations,lm-2024-h13-forward-deck,reviewed-lm-orthophoto,False,2.902189226372546,"[""lm-2024-h13-forward-deck""]",True,1.7779587579980215e-10,False
13,40,5,250,-608.2,-1066.4,18.661346959611823,63.2940795903701,683514.0242326113,7023595.912331076,-608.2,-1066.4,0.0,unresolved,,,,False,,[],False,1.581952346896287e-09,False
14,65,0,163,-580.6,-894.1,18.661898462266727,63.2925318002156,683551.4918907774,7023425.243964464,-580.6,-894.1,0.0,unresolved,,,,False,,"[""lm-2024-h14-historical-2""]",False,1.581952346896287e-09,False
14,61,1,150,-584.4,-881.6,18.661822530741777,63.29241951131872,683548.403350318,7023412.530366714,-584.4,-881.6,0.0,unresolved,,,,False,,[],False,0.0,False
14,58,2,136,-588.4,-868.2,18.661742602820777,63.29229913762127,683545.1660587771,7023398.905604594,-588.4,-868.2,0.0,unresolved,,,,False,,"[""lm-2024-h14-historical-1""]",False,7.909761734481435e-10,False
14,55,3,128,-590.7,-860.6,18.6616966442662,63.29223086597197,683543.2985997053,7023391.176335969,-590.7,-860.6,0.0,unresolved,,,,False,,"[""lm-2024-h14-historical-1""]",False,0.0,False
14,48,4,115,-594.4,-848.1,18.661622710939277,63.2921185770751,683540.310056829,7023378.468468363,-594.4,-848.1,0.0,unresolved,,,,False,,"[""lm-2024-h14-historical-1""]",False,2.3795800335595833e-09,False
14,40,5,71,-607.1,-806,18.661368939790098,63.29174038807043,683530.0058338442,7023335.654754934,-607.1,-806,0.0,unresolved,,,,False,,[],False,7.909761734481435e-10,False
15,65,0,266,-593.5,-714.9,18.661640694721502,63.29092202659001,683548.8230808498,7023245.360664153,-593.5,-714.9,0.0,unresolved,,,,False,,[],False,0.0,False
15,61,1,232,-571.1061129449665,-690.1911360218562,18.66208816893036,63.29070006410368,683572.6478708902,7023221.940687649,-567.1,-693.4,5.132811019125566,provisional-platform,lm-2024-h15-tee-associations,lm-2024-h15-peninsula-long-deck,reviewed-lm-orthophoto,False,0.7377326011651855,"[""lm-2024-h15-peninsula-long-deck""]",True,7.909761734481435e-10,False
15,58,2,223,-565.3963266680845,-684.2708792671342,18.66220226176698,63.290646881775665,683578.7008418518,7023216.348970766,-560.1,-687.8,6.364414295298954,provisional-platform,lm-2024-h15-tee-associations,lm-2024-h15-peninsula-long-deck,reviewed-lm-orthophoto,False,0.1982732143995882,"[""lm-2024-h15-peninsula-long-deck""]",True,1.581952346896287e-09,False
15,55,3,212,-549.816474237079,-681.8797508539758,18.662513578070556,63.29062540200192,683594.4304896852,7023214.850145255,-551.6,-680.8,2.084904327220951,provisional-platform,lm-2024-h15-tee-associations,lm-2024-h15-peninsula-forward-deck,reviewed-lm-orthophoto,False,0.6204356813205809,"[""lm-2024-h15-peninsula-forward-deck""]",True,1.581952346896287e-09,False
15,48,4,204,-545.3101736787073,-676.729536060361,18.662603622879313,63.2905791370469,683599.234992717,7023209.959399277,-545.4,-675.8,0.9338661871534969,provisional-platform,lm-2024-h15-tee-associations,lm-2024-h15-peninsula-forward-deck,reviewed-lm-orthophoto,False,0.4214691113532739,"[""lm-2024-h15-peninsula-forward-deck""]",True,7.909761734481435e-10,False
15,40,5,204,-545.3101736787073,-676.729536060361,18.662603622879313,63.2905791370469,683599.234992717,7023209.959399277,-545.4,-675.8,0.9338661871534969,provisional-platform,lm-2024-h15-tee-associations,lm-2024-h15-peninsula-forward-deck,reviewed-lm-orthophoto,False,0.4214691113532739,"[""lm-2024-h15-peninsula-forward-deck""]",True,7.909761734481435e-10,False
16,65,0,309,-275.2811514220747,-410.9540366829518,18.66799933746903,63.2881916460356,683884.7064082621,7022959.731390224,-275.4,-429.1,18.1463525174657,provisional-platform,lm-2024-h16-tee-associations,lm-2024-h16-rear-roadside-deck,reviewed-lm-orthophoto,False,0.7191937990585411,"[""lm-2024-h16-rear-roadside-deck""]",True,7.909761734481435e-10,False
16,61,1,273,-239.8913550861199,-430.7622418556074,18.668706495680475,63.28836958535623,683918.994683263,7022981.5621004775,-239.6,-432.6,1.860710290047701,provisional-platform,lm-2024-h16-tee-associations,lm-2024-h16-main-rear-deck,reviewed-lm-orthophoto,False,0.6120144555391306,"[""lm-2024-h16-main-rear-deck""]",True,1.7779587579980215e-10,False
16,58,2,273,-239.8913550861199,-430.7622418556074,18.668706495680475,63.28836958535623,683918.994683263,7022981.5621004775,-239.6,-432.6,1.860710290047701,provisional-platform,lm-2024-h16-tee-associations,lm-2024-h16-main-rear-deck,reviewed-lm-orthophoto,False,0.6120144555391306,"[""lm-2024-h16-main-rear-deck""]",True,1.7779587579980215e-10,False
16,55,3,254,-220.7,-434.5,18.66908997695878,63.28840316205534,683937.9895840714,7022986.398965609,-220.7,-434.5,0.0,provisional-platform,lm-2024-h16-tee-associations,lm-2024-h16-main-second-deck,reviewed-lm-orthophoto,False,1.9463896124802083,"[""lm-2024-h16-main-second-deck""]",True,8.107124523615548e-10,False
16,48,4,216,-183.51191920481725,-440.9634968786193,18.66983306845477,63.288461224370096,683974.8414816242,7022994.992823541,-182.9,-438.2,2.8304346152778193,provisional-platform,lm-2024-h16-tee-associations,lm-2024-h16-main-forward-deck,reviewed-lm-orthophoto,False,0.6585205434482596,"[""lm-2024-h16-main-forward-deck""]",True,0.0,False
16,40,5,216,-183.51191920481725,-440.9634968786193,18.66983306845477,63.288461224370096,683974.8414816242,7022994.992823541,-182.9,-438.2,2.8304346152778193,provisional-platform,lm-2024-h16-tee-associations,lm-2024-h16-main-forward-deck,reviewed-lm-orthophoto,False,0.6585205434482596,"[""lm-2024-h16-main-forward-deck""]",True,0.0,False
17,65,0,422,-88.39010644339538,-520.3926354170044,18.671733790638736,63.28917474519778,684065.4982920941,7023079.853400342,-96,-521.9,7.757746317644188,provisional-platform,lm-2024-h17-tee-associations,lm-2024-h17-rear-deck,reviewed-lm-orthophoto,False,0.4524443487305781,"[""lm-2024-h17-rear-deck""]",True,7.909761734481435e-10,False
17,61,1,406,-93.11155460970738,-540.7982648707628,18.671639446754725,63.28935805124749,684059.6033250669,7023099.981766226,-108.8,-531.5,18.236914442170697,provisional-platform,lm-2024-h17-tee-associations,lm-2024-h17-opposite-path-deck,reviewed-lm-orthophoto,False,0.4487708813989919,"[""lm-2024-h17-opposite-path-deck""]",True,0.0,False
17,58,2,395,-118.66335128311576,-535.5948951747861,18.671128871258237,63.28931130879604,684034.3271692537,7023093.314142921,-117.6,-538.1,2.7214455968499807,provisional-platform,lm-2024-h17-tee-associations,lm-2024-h17-long-middle-deck,reviewed-lm-orthophoto,False,0.3404833045327965,"[""lm-2024-h17-long-middle-deck""]",True,0.0,False
17,55,3,386,-120.91182980415229,-537.4107964628026,18.671083942204838,63.28932762124023,684031.9726637367,7023095.000494445,-124.8,-543.5,7.224698415110161,provisional-platform,lm-2024-h17-tee-associations,lm-2024-h17-long-middle-deck,reviewed-lm-orthophoto,False,0.25422179385416627,"[""lm-2024-h17-long-middle-deck""]",True,0.0,False
17,48,4,333,-162.21825111529648,-571.442976381653,18.670258558109992,63.289633336115536,683988.6803504117,7023126.652828706,-167.1,-575.4,6.284067797968104,provisional-platform,lm-2024-h17-tee-associations,lm-2024-h17-forward-deck,reviewed-lm-orthophoto,False,0.7122517224400596,"[""lm-2024-h17-forward-deck""]",True,8.107124523615548e-10,False
17,40,5,281,-208.7,-606.7,18.66932976072178,63.28995005389867,683940.1389547179,7023159.233461016,-208.7,-606.7,0.0,unresolved,,,,False,,[],False,1.581952346896287e-09,False
18,65,0,553,-338.39779769070884,-805.448668431479,18.66673814188983,63.291735435397335,683798.9552220199,7023350.486996569,-327.8,-819.7,17.75989209902806,provisional-platform,lm-2024-h18-tee-associations,lm-2024-h18-rear-deck,reviewed-lm-orthophoto,False,0.7499988593458196,"[""lm-2024-h18-rear-deck""]",True,0.0,False
18,61,1,528,-311.73034530645026,-798.9330807178848,18.667271010396696,63.29167690514479,683826.0169629205,7023345.501386187,-308.6,-803.7,5.7028572820839125,provisional-platform,lm-2024-h18-tee-associations,lm-2024-h18-second-deck,reviewed-lm-orthophoto,False,0.5070909567792982,"[""lm-2024-h18-second-deck""]",True,1.581952346896287e-09,False
18,58,2,519,-305.55955121175697,-793.8725517656852,18.667394315082426,63.2916314458477,683832.4823707293,7023340.796022492,-301.7,-797.9,5.578214305336418,provisional-platform,lm-2024-h18-tee-associations,lm-2024-h18-second-deck,reviewed-lm-orthophoto,False,0.5769716644188329,"[""lm-2024-h18-second-deck""]",True,7.909761734481435e-10,False
18,55,3,486,-283.3646468329936,-768.5715126356604,18.667837813223375,63.291404163785806,683856.1435070158,7023316.774734101,-276.4,-776.7,10.704139962676033,provisional-platform,lm-2024-h18-tee-associations,lm-2024-h18-middle-deck,reviewed-lm-orthophoto,False,0.7163928830512513,"[""lm-2024-h18-middle-deck""]",True,1.581952346896287e-09,False
18,48,4,419,-235.1287075634089,-721.1606490223263,18.668801662809212,63.29097826669981,683907.1333805798,7023272.143370807,-225,-733.7,16.119120318626077,provisional-platform,lm-2024-h18-tee-associations,lm-2024-h18-forward-deck,reviewed-lm-orthophoto,False,0.7384134959921955,"[""lm-2024-h18-forward-deck""]",True,0.0,False
18,40,5,320,-149,-670.3,18.670522684942718,63.290521379805966,683996.2468561223,7023226.237149919,-149,-670.3,0.0,unresolved,,,,False,,[],False,1.581952346896287e-09,False
